qty,part,name,colour,ldraw_colour,rebrickable_part,rebrickable_colour,bricklink_part,bricklink_colour,element_id,rare,note
7,2445,Plate 2 x 12,Black,0,2445,0,2445,11,244526,0,
2,3022,Plate 2 x 2,Black,0,3022,0,3022,11,302226,0,
1,3023b,Plate 1 x 2,Black,0,3023,0,3023,11,302326,0,
2,3024,Plate 1 x 1,Black,0,3024,0,3024,11,302426,0,
7,3028,Plate 6 x 12,Black,0,3028,0,3028,11,302826,0,
4,3029,Plate 4 x 12,Black,0,3029,0,3029,11,302926,0,
3,3032,Plate 4 x 6,Black,0,3032,0,3032,11,303226,0,
1,3034,Plate 2 x 8,Black,0,3034,0,3034,11,303426,0,
1,3460,Plate 1 x 8,Black,0,3460,0,3460,11,346026,0,
2,3666,Plate 1 x 6,Black,0,3666,0,3666,11,366626,0,
3,3710,Plate 1 x 4,Black,0,3710,0,3710,11,371026,0,
1,3958,Plate 6 x 6,Black,0,3958,0,3958,11,395826,0,
10,60479,Plate 1 x 12,Black,0,60479,0,60479,11,4514845,0,
1,62501c01,"Light Unit, LED with Black Cable, Power Functions",Black,0,61930,0,8870,11,6265462,0,
1,69729,Tile 2 x 6,Black,0,69729,0,69729,11,6318582,0,
71,11477,Brick Curved 2 x 1 No Studs [1/2 Bow],Dark Azure,321,11477,321,11477,153,6137300,0,
8,2431,Tile 1 x 4 with Groove,Dark Azure,321,2431,321,2431,153,6205089,0,
2,3004,Brick 1 x 2,Dark Azure,321,3004,321,3004,153,6004943,0,
2,3005,Brick 1 x 1,Dark Azure,321,3005,321,3005,153,6225538,0,
17,3009,Brick 1 x 6,Dark Azure,321,3009,321,3009,153,6225539,0,
1,3010,Brick 1 x 4,Dark Azure,321,3010,321,3010,153,6213272,0,
12,3024,Plate 1 x 1,Dark Azure,321,3024,321,3024,153,6151664,0,
10,3069b,Tile 1 x 2 with Groove,Dark Azure,321,3069b,321,3069b,153,6151659,0,
9,3070b,Tile 1 x 1 with Groove,Dark Azure,321,3070b,321,3070b,153,6151658,0,
2,3623,Plate 1 x 3,Dark Azure,321,3623,321,3623,153,6153538,0,
26,3666,Plate 1 x 6,Dark Azure,321,3666,321,3666,153,6151657,0,
2,3710,Plate 1 x 4,Dark Azure,321,3710,321,3710,153,6133728,0,
10,63864,Tile 1 x 3,Dark Azure,321,63864,321,63864,153,6412744,0,
1,3005,Brick 1 x 1,Dark Blue,272,3005,272,3005,63,4255413,0,
23,3008,Brick 1 x 8,Dark Blue,272,3008,272,3008,63,6277303,0,
1,3009,Brick 1 x 6,Dark Blue,272,3009,272,3009,63,6221672,0,
4,3010,Brick 1 x 4,Dark Blue,272,3010,272,3010,63,4264569,0,
5,3622,Brick 1 x 3,Dark Blue,272,3622,272,3622,63,6233955,0,
1,3020,Plate 2 x 4,Dark Brown,308,3020,308,3020,120,6226792,0,
1,3068b,Tile 2 x 2 with Groove,Dark Brown,308,3068b,308,3068b,120,6179803,0,
1,4032a,Plate Round 2 x 2 with Axle Hole Type 1 (+ Opening),Dark Brown,308,4032a,308,4032a,120,4623298,0,
4,54200,Brick Sloped 30° 1 x 1 x 2/3 (Cheese Slope),Dark Brown,308,54200,308,54200,120,6259071,0,
1,3673,Technic Pin without Friction Ridges Lengthwise,Light Bluish Gray,71,3673,71,3673,86,4211807,0,
1,64228,"Battery Box, Power Functions, with Dark Bluish Gray Bottom [Non-Rechargeable]",Light Bluish Gray,71,64228,71,64228,86,6197414,1,
31,11477,Brick Curved 2 x 1 No Studs [1/2 Bow],Medium Azure,322,11477,322,11477,156,6071246,0,
6,2431,Tile 1 x 4 with Groove,Medium Azure,322,2431,322,2431,156,4624705,0,
6,2445,Plate 2 x 12,Medium Azure,322,2445,322,2445,156,6344748,0,
1,3021,Plate 2 x 3,Medium Azure,322,3021,322,3021,156,6013828,0,
1,3022,Plate 2 x 2,Medium Azure,322,3022,322,3022,156,4625032,0,
1,3024,Plate 1 x 1,Medium Azure,322,3024,322,3024,156,6097493,0,
4,3029,Plate 4 x 12,Medium Azure,322,3029,322,3029,156,6056270,0,
3,3032,Plate 4 x 6,Medium Azure,322,3032,322,3032,156,4619515,0,
11,3033,Plate 6 x 10,Medium Azure,322,3033,322,3033,156,6133692,0,
3,3034,Plate 2 x 8,Medium Azure,322,3034,322,3034,156,6253666,0,
1,3036,Plate 6 x 8,Medium Azure,322,3036,322,3036,156,6097036,0,
8,3069b,Tile 1 x 2 with Groove,Medium Azure,322,3069b,322,3069b,156,4649741,0,
20,3070b,Tile 1 x 1 with Groove,Medium Azure,322,3070b,322,3070b,156,4655243,0,
1,3460,Plate 1 x 8,Medium Azure,322,3460,322,3460,156,6074793,0,
1,3623,Plate 1 x 3,Medium Azure,322,3623,322,3623,156,6119107,0,
3,3666,Plate 1 x 6,Medium Azure,322,3666,322,3666,156,4625036,0,
1,3710,Plate 1 x 4,Medium Azure,322,3710,322,3710,156,6070757,0,
2,4477,Plate 1 x 10,Medium Azure,322,4477,322,4477,156,6423273,0,
40,50950,Brick Curved 3 x 1 No Studs,Medium Azure,322,50950,322,50950,156,6035598,0,
3,63864,Tile 1 x 3,Medium Azure,322,63864,322,63864,156,6097492,0,
1,6636,Tile 1 x 6 with Groove,Medium Azure,322,6636,322,6636,156,6185309,0,
28,98138,Tile Round 1 x 1,Medium Azure,322,98138,322,98138,156,6322819,0,
2,60474,Plate Round 4 x 4 with Pin Hole,Pearl Gold,297,60474,297,60474,115,6521234,0,
1,65768,Propeller 3 Blade 3 Diameter with Pin Hole,Pearl Gold,297,65768,297,65768,115,6322046,0,
9,11211,Brick Special 1 x 2 with 2 Studs on 1 Side,Reddish Brown,70,11211,70,11211,88,6397820,0,
10,13547,Brick Curved Inverted 4 x 1,Reddish Brown,70,13547,70,13547,88,6092566,0,
1,14769,Tile Round 2 x 2 with Bottom Stud Holder,Reddish Brown,70,14769,70,14769,88,6075213,0,
16,15070,Plate Special 1 x 1 with Vertical Tooth,Reddish Brown,70,15070,70,15070,88,6329114,0,
2,15573,Plate Special 1 x 2 with 1 Stud with Groove and Inside Stud Holder (Jumper),Reddish Brown,70,15573,70,15573,88,6092590,0,
8,2412b,Tile Special 1 x 2 Grille with Bottom Groove,Reddish Brown,70,2412b,70,2412b,88,4224243,0,
32,2431,Tile 1 x 4 with Groove,Reddish Brown,70,2431,70,2431,88,4211194,0,
31,2445,Plate 2 x 12,Reddish Brown,70,2445,70,2445,88,4225700,0,
1,3005,Brick 1 x 1,Reddish Brown,70,3005,70,3005,88,4211242,0,
23,3020,Plate 2 x 4,Reddish Brown,70,3020,70,3020,88,4211186,0,
16,3021,Plate 2 x 3,Reddish Brown,70,3021,70,3021,88,4211189,0,
14,3022,Plate 2 x 2,Reddish Brown,70,3022,70,3022,88,4613975,0,
50,3023b,Plate 1 x 2,Reddish Brown,70,3023,70,3023,88,4211150,0,
53,3024,Plate 1 x 1,Reddish Brown,70,3024,70,3024,88,4221744,0,
3,3029,Plate 4 x 12,Reddish Brown,70,3029,70,3029,88,6065139,0,
2,3031,Plate 4 x 4,Reddish Brown,70,3031,70,3031,88,4243838,0,
1,3032,Plate 4 x 6,Reddish Brown,70,3032,70,3032,88,4271874,0,
4,3034,Plate 2 x 8,Reddish Brown,70,3034,70,3034,88,4211211,0,
2,3035,Plate 4 x 8,Reddish Brown,70,3035,70,3035,88,4211207,0,
5,30363,Brick Sloped 18° 4 x 2,Reddish Brown,70,30363,70,30363,88,4225869,0,
4,3039,Brick Sloped 45° 2 x 2,Reddish Brown,70,3039,70,3039,88,4211202,0,
25,30414,Brick Special 1 x 4 with 4 Studs on One Side,Reddish Brown,70,30414,70,30414,88,6153594,0,
1,3062b,Brick Round 1 x 1 Open Stud,Reddish Brown,70,3062b,70,3062b,88,4211183,0,
2,3068b,Tile 2 x 2 with Groove,Reddish Brown,70,3068b,70,3068b,88,4271949,0,
20,3069b,Tile 1 x 2 with Groove,Reddish Brown,70,3069b,70,3069b,88,4211151,0,
68,3070b,Tile 1 x 1 with Groove,Reddish Brown,70,3070b,70,3070b,88,4211288,0,
2,32803,Brick Curved Inverted 2 x 2 x 2/3,Reddish Brown,70,32803,70,32803,88,6481564,0,
10,3460,Plate 1 x 8,Reddish Brown,70,3460,70,3460,88,4216945,0,
20,3623,Plate 1 x 3,Reddish Brown,70,3623,70,3623,88,4211152,0,
10,3666,Plate 1 x 6,Reddish Brown,70,3666,70,3666,88,4221590,0,
1,3700,Technic Brick 1 x 2 [1 Pin Hole],Reddish Brown,70,3700,70,3700,88,4211252,0,
23,3710,Plate 1 x 4,Reddish Brown,70,3710,70,3710,88,4211190,0,
25,3795,Plate 2 x 6,Reddish Brown,70,3795,70,3795,88,4211247,0,
14,3832,Plate 2 x 10,Reddish Brown,70,3832,70,3832,88,4211214,0,
2,4162,Tile 1 x 8 with Groove,Reddish Brown,70,4162,70,4162,88,4585337,0,
4,41769a,Wedge Plate 4 x 2 Right,Reddish Brown,70,41769,70,41769,88,4205469,0,
4,41770a,Wedge Plate 4 x 2 Left,Reddish Brown,70,41770,70,41770,88,4205470,0,
34,4477,Plate 1 x 10,Reddish Brown,70,4477,70,4477,88,4223683,0,
2,47397,Wedge Plate 12 x 3 Left,Reddish Brown,70,47397,70,47397,88,6503734,0,
2,47398,Wedge Plate 12 x 3 Right,Reddish Brown,70,47398,70,47398,88,6503735,0,
6,49668,Plate Special 1 x 1 with Tooth,Reddish Brown,70,49668,70,49668,88,6492302,0,
46,54200,Brick Sloped 30° 1 x 1 x 2/3 (Cheese Slope),Reddish Brown,70,54200,70,54200,88,4504376,0,
1,59900,Cone 1 x 1 [Top Groove],Reddish Brown,70,59900,70,59900,88,4529242,0,
2,60897,Plate Special 1 x 1 with Clip Vertical [Thick Open O Clip],Reddish Brown,70,60897,70,60897,88,6337003,0,
6,6141,Plate Round 1 x 1 with Solid Stud,Reddish Brown,70,6141,70,6141,88,4216581,0,
8,63864,Tile 1 x 3,Reddish Brown,70,63864,70,63864,88,6100769,0,
8,6636,Tile 1 x 6 with Groove,Reddish Brown,70,6636,70,6636,88,4211204,0,
1,85861,Plate Round 1 x 1 with Open Stud,Reddish Brown,70,85861,70,85861,88,6215659,0,
20,85984,Brick Sloped 30° 1 x 2 x 2/3,Reddish Brown,70,85984,70,85984,88,6035291,0,
4,87087,Brick Special 1 x 1 with Stud on 1 Side,Reddish Brown,70,87087,70,87087,88,6062574,0,
2,87994,Bar 3L,Reddish Brown,70,87994,70,87994,88,6428805,0,
1,98138,Tile Round 1 x 1,Reddish Brown,70,98138,70,98138,88,6284586,0,
8,3941,Brick Round 2 x 2 with Axle Hole,Trans-Clear,47,3941,47,3941,12,6514281,0,
2,43898,Dish 3 x 3 Inverted [Radar],Trans-Clear,47,43898,47,43898,12,6507917,0,
2,4740,Dish 2 x 2 Inverted [Radar],Trans-Clear,47,4740,47,4740,12,6514246,0,
2,6141,Plate Round 1 x 1 with Solid Stud,Trans-Clear,47,6141,47,6141,12,6514052,0,
2,87580,Plate Special 2 x 2 with Groove and Center Stud (Jumper),Trans-Clear,47,87580,47,87580,12,6499361,0,
7,11477,Brick Curved 2 x 1 No Studs [1/2 Bow],Trans-Light Blue,43,11477,41,11477,15,6508249,0,
1,2431,Tile 1 x 4 with Groove,Trans-Light Blue,43,2431,41,2431,15,6510178,0,
3,3069b,Tile 1 x 2 with Groove,Trans-Light Blue,43,3069b,41,3069b,15,6514224,0,
9,3070b,Tile 1 x 1 with Groove,Trans-Light Blue,43,3070b,41,3070b,15,6514261,0,
2,6141,Plate Round 1 x 1 with Solid Stud,Trans-Yellow,46,6141,46,6141,19,6514056,0,
16,98138,Tile Round 1 x 1,Trans-Yellow,46,98138,46,98138,19,6514193,0,
43,6141,Plate Round 1 x 1 with Solid Stud,White,15,6141,15,6141,1,614101,0,
16,6141,Plate Round 1 x 1 with Solid Stud,Yellow,14,6141,14,6141,3,614124,0,
